pic_url,name,team
https://6ptotvmi5753.edge.naverncp.com/KBO_IMAGE/person/middle/2025/50054.jpg,천성호,KT
https://6ptotvmi5753.edge.naverncp.com/KBO_IMAGE/person/middle/2025/50066.jpg,강현우,KT
https://6ptotvmi5753.edge.naverncp.com/KBO_IMAGE/person/middle/2025/50092.jpg,윤준혁,KT
https://6ptotvmi5753.edge.naverncp.com/KBO_IMAGE/person/middle/2025/50108.jpg,함창건,LG
https://6ptotvmi5753.edge.naverncp.com/KBO_IMAGE/person/middle/2025/50150.jpg,손호영,롯데
https://6ptotvmi5753.edge.naverncp.com/KBO_IMAGE/person/middle/2025/50167.jpg,이주형,키움
https://6ptotvmi5753.edge.naverncp.com/KBO_IMAGE/person/middle/2025/50204.jpg,박지훈,두산
https://6ptotvmi5753.edge.naverncp.com/KBO_IMAGE/person/middle/2025/50208.jpg,오명진,두산
https://6ptotvmi5753.edge.naverncp.com/KBO_IMAGE/person/middle/2025/50357.jpg,박주홍,키움
https://6ptotvmi5753.edge.naverncp.com/KBO_IMAGE/person/middle/2025/50458.jpg,김지찬,삼성
https://6ptotvmi5753.edge.naverncp.com/KBO_IMAGE/person/middle/2025/50500.jpg,황성빈,롯데
https://6ptotvmi5753.edge.naverncp.com/KBO_IMAGE/person/middle/2025/50600.jpg,홍종표,KIA
https://6ptotvmi5753.edge.naverncp.com/KBO_IMAGE/person/middle/2025/50608.jpg,이인한,롯데
https://6ptotvmi5753.edge.naverncp.com/KBO_IMAGE/person/middle/2025/50662.jpg,정해영,KIA
https://6ptotvmi5753.edge.naverncp.com/KBO_IMAGE/person/middle/2025/50704.jpg,임종찬,한화
https://6ptotvmi5753.edge.naverncp.com/KBO_IMAGE/person/middle/2025/50707.jpg,최인호,한화
https://6ptotvmi5753.edge.naverncp.com/KBO_IMAGE/person/middle/2025/50711.jpg,김승일,한화
https://6ptotvmi5753.edge.naverncp.com/KBO_IMAGE/person/middle/2025/50840.jpg,현원회,SSG
https://6ptotvmi5753.edge.naverncp.com/KBO_IMAGE/person/middle/2025/50854.jpg,최지훈,SSG
https://6ptotvmi5753.edge.naverncp.com/KBO_IMAGE/person/middle/2025/50902.jpg,김한별,NC
https://6ptotvmi5753.edge.naverncp.com/KBO_IMAGE/person/middle/2025/50903.jpg,한재환,NC
https://6ptotvmi5753.edge.naverncp.com/KBO_IMAGE/person/middle/2025/50906.jpg,박영빈,NC
https://6ptotvmi5753.edge.naverncp.com/KBO_IMAGE/person/middle/2025/50996.jpg,박시원,NC
https://6ptotvmi5753.edge.naverncp.com/KBO_IMAGE/person/middle/2025/51003.jpg,권동진,KT
https://6ptotvmi5753.edge.naverncp.com/KBO_IMAGE/person/middle/2025/51005.jpg,김건형,KT
https://6ptotvmi5753.edge.naverncp.com/KBO_IMAGE/person/middle/2025/51007.jpg,최성민,KT
https://6ptotvmi5753.edge.naverncp.com/KBO_IMAGE/person/middle/2025/51013.jpg,유준규,KT
https://6ptotvmi5753.edge.naverncp.com/KBO_IMAGE/person/middle/2025/51100.jpg,이영빈,LG
https://6ptotvmi5753.edge.naverncp.com/KBO_IMAGE/person/middle/2025/51344.jpg,김휘집,NC
https://6ptotvmi5753.edge.naverncp.com/KBO_IMAGE/person/middle/2025/51359.jpg,장재영,키움
https://6ptotvmi5753.edge.naverncp.com/KBO_IMAGE/person/middle/2025/51407.jpg,이창용,삼성
https://6ptotvmi5753.edge.naverncp.com/KBO_IMAGE/person/middle/2025/55712.jpg,이승현,한화
https://6ptotvmi5753.edge.naverncp.com/KBO_IMAGE/person/middle/2025/51460.jpg,이재희,삼성
https://6ptotvmi5753.edge.naverncp.com/KBO_IMAGE/person/middle/2025/51526.jpg,우강훈,LG
https://6ptotvmi5753.edge.naverncp.com/KBO_IMAGE/person/middle/2025/51528.jpg,손성빈,롯데
https://6ptotvmi5753.edge.naverncp.com/KBO_IMAGE/person/middle/2025/51551.jpg,나승엽,롯데
https://6ptotvmi5753.edge.naverncp.com/KBO_IMAGE/person/middle/2025/51865.jpg,조형우,SSG
https://6ptotvmi5753.edge.naverncp.com/KBO_IMAGE/person/middle/2025/51867.jpg,김건우,SSG
https://6ptotvmi5753.edge.naverncp.com/KBO_IMAGE/person/middle/2025/51868.jpg,고명준,SSG
https://6ptotvmi5753.edge.naverncp.com/KBO_IMAGE/person/middle/2025/51897.jpg,조병현,SSG
https://6ptotvmi5753.edge.naverncp.com/KBO_IMAGE/person/middle/2025/51907.jpg,김주원,NC
https://6ptotvmi5753.edge.naverncp.com/KBO_IMAGE/person/middle/2025/52001.jpg,안현민,KT
https://6ptotvmi5753.edge.naverncp.com/KBO_IMAGE/person/middle/2025/52002.jpg,김병준,KT
https://6ptotvmi5753.edge.naverncp.com/KBO_IMAGE/person/middle/2025/52103.jpg,최원영,LG
https://6ptotvmi5753.edge.naverncp.com/KBO_IMAGE/person/middle/2025/52121.jpg,문정빈,LG
https://6ptotvmi5753.edge.naverncp.com/KBO_IMAGE/person/middle/2025/52154.jpg,이주헌,LG
https://6ptotvmi5753.edge.naverncp.com/KBO_IMAGE/person/middle/2025/52267.jpg,김동준,두산
https://6ptotvmi5753.edge.naverncp.com/KBO_IMAGE/person/middle/2025/52305.jpg,박수종,키움
https://6ptotvmi5753.edge.naverncp.com/KBO_IMAGE/person/middle/2025/52330.jpg,주승우,키움
https://6ptotvmi5753.edge.naverncp.com/KBO_IMAGE/person/middle/2025/52366.jpg,푸이그,키움
https://6ptotvmi5753.edge.naverncp.com/KBO_IMAGE/person/middle/2025/52415.jpg,이재현,삼성
https://6ptotvmi5753.edge.naverncp.com/KBO_IMAGE/person/middle/2025/52424.jpg,김재혁,삼성
https://6ptotvmi5753.edge.naverncp.com/KBO_IMAGE/person/middle/2025/52430.jpg,김영웅,삼성
https://6ptotvmi5753.edge.naverncp.com/KBO_IMAGE/person/middle/2025/52504.jpg,김동혁,롯데
https://6ptotvmi5753.edge.naverncp.com/KBO_IMAGE/person/middle/2025/52516.jpg,조세진,롯데
https://6ptotvmi5753.edge.naverncp.com/KBO_IMAGE/person/middle/2025/52568.jpg,한태양,롯데
https://6ptotvmi5753.edge.naverncp.com/KBO_IMAGE/person/middle/2025/52591.jpg,윤동희,롯데
https://6ptotvmi5753.edge.naverncp.com/KBO_IMAGE/person/middle/2025/52605.jpg,김도영,KIA
https://6ptotvmi5753.edge.naverncp.com/KBO_IMAGE/person/middle/2025/52641.jpg,황동하,KIA
https://6ptotvmi5753.edge.naverncp.com/KBO_IMAGE/person/middle/2025/52667.jpg,윤도현,KIA
https://6ptotvmi5753.edge.naverncp.com/KBO_IMAGE/person/middle/2025/52704.jpg,이상혁,한화
https://6ptotvmi5753.edge.naverncp.com/KBO_IMAGE/person/middle/2025/52764.jpg,허인서,한화
https://6ptotvmi5753.edge.naverncp.com/KBO_IMAGE/person/middle/2025/52769.jpg,권광민,한화
https://6ptotvmi5753.edge.naverncp.com/KBO_IMAGE/person/middle/2025/52804.jpg,석정우,SSG
https://6ptotvmi5753.edge.naverncp.com/KBO_IMAGE/person/middle/2025/53123.jpg,오스틴,LG
https://6ptotvmi5753.edge.naverncp.com/KBO_IMAGE/person/middle/2025/53139.jpg,박명근,LG
https://6ptotvmi5753.edge.naverncp.com/KBO_IMAGE/person/middle/2025/53301.jpg,박윤성,키움
https://6ptotvmi5753.edge.naverncp.com/KBO_IMAGE/person/middle/2025/53302.jpg,이승원,키움
https://6ptotvmi5753.edge.naverncp.com/KBO_IMAGE/person/middle/2025/53309.jpg,서유신,키움
https://6ptotvmi5753.edge.naverncp.com/KBO_IMAGE/person/middle/2025/53312.jpg,김건희,키움
https://6ptotvmi5753.edge.naverncp.com/KBO_IMAGE/person/middle/2025/53344.jpg,김동헌,키움
https://6ptotvmi5753.edge.naverncp.com/KBO_IMAGE/person/middle/2025/53455.jpg,이호성,삼성
https://6ptotvmi5753.edge.naverncp.com/KBO_IMAGE/person/middle/2025/53554.jpg,김민석,두산
https://6ptotvmi5753.edge.naverncp.com/KBO_IMAGE/person/middle/2025/53659.jpg,정해원,KIA
https://6ptotvmi5753.edge.naverncp.com/KBO_IMAGE/person/middle/2025/53754.jpg,김서현,한화
https://6ptotvmi5753.edge.naverncp.com/KBO_IMAGE/person/middle/2025/53764.jpg,문현빈,한화
https://6ptotvmi5753.edge.naverncp.com/KBO_IMAGE/person/middle/2025/53827.jpg,에레디아,SSG
https://6ptotvmi5753.edge.naverncp.com/KBO_IMAGE/person/middle/2025/53892.jpg,이로운,SSG
https://6ptotvmi5753.edge.naverncp.com/KBO_IMAGE/person/middle/2025/53992.jpg,박한결,NC
https://6ptotvmi5753.edge.naverncp.com/KBO_IMAGE/person/middle/2025/54156.jpg,손용준,LG
https://6ptotvmi5753.edge.naverncp.com/KBO_IMAGE/person/middle/2025/54205.jpg,여동건,두산
https://6ptotvmi5753.edge.naverncp.com/KBO_IMAGE/person/middle/2025/54214.jpg,전다민,두산
https://6ptotvmi5753.edge.naverncp.com/KBO_IMAGE/person/middle/2025/54219.jpg,류현준,두산
https://6ptotvmi5753.edge.naverncp.com/KBO_IMAGE/person/middle/2025/54236.jpg,임종성,두산
https://6ptotvmi5753.edge.naverncp.com/KBO_IMAGE/person/middle/2025/54305.jpg,이재상,키움
https://6ptotvmi5753.edge.naverncp.com/KBO_IMAGE/person/middle/2025/54307.jpg,원성준,키움
https://6ptotvmi5753.edge.naverncp.com/KBO_IMAGE/person/middle/2025/54344.jpg,고영우,키움
https://6ptotvmi5753.edge.naverncp.com/KBO_IMAGE/person/middle/2025/54394.jpg,송지후,키움
https://6ptotvmi5753.edge.naverncp.com/KBO_IMAGE/person/middle/2025/54400.jpg,디아즈,삼성
https://6ptotvmi5753.edge.naverncp.com/KBO_IMAGE/person/middle/2025/54408.jpg,양도근,삼성
https://6ptotvmi5753.edge.naverncp.com/KBO_IMAGE/person/middle/2025/54444.jpg,카디네스,키움
https://6ptotvmi5753.edge.naverncp.com/KBO_IMAGE/person/middle/2025/54460.jpg,김호진,삼성
https://6ptotvmi5753.edge.naverncp.com/KBO_IMAGE/person/middle/2025/54503.jpg,박준우,롯데
https://6ptotvmi5753.edge.naverncp.com/KBO_IMAGE/person/middle/2025/54529.jpg,레이예스,롯데
https://6ptotvmi5753.edge.naverncp.com/KBO_IMAGE/person/middle/2025/54537.jpg,정현수,롯데
https://6ptotvmi5753.edge.naverncp.com/KBO_IMAGE/person/middle/2025/54567.jpg,강성우,롯데
https://6ptotvmi5753.edge.naverncp.com/KBO_IMAGE/person/middle/2025/54598.jpg,이호준,롯데
https://6ptotvmi5753.edge.naverncp.com/KBO_IMAGE/person/middle/2025/54768.jpg,조동욱,한화
https://6ptotvmi5753.edge.naverncp.com/KBO_IMAGE/person/middle/2025/54795.jpg,황영묵,한화
https://6ptotvmi5753.edge.naverncp.com/KBO_IMAGE/person/middle/2025/54805.jpg,박지환,SSG
https://6ptotvmi5753.edge.naverncp.com/KBO_IMAGE/person/middle/2025/54812.jpg,정준재,SSG
https://6ptotvmi5753.edge.naverncp.com/KBO_IMAGE/person/middle/2025/54815.jpg,정현승,SSG
https://6ptotvmi5753.edge.naverncp.com/KBO_IMAGE/person/middle/2025/54904.jpg,손주환,NC
https://6ptotvmi5753.edge.naverncp.com/KBO_IMAGE/person/middle/2025/54944.jpg,데이비슨,NC
https://6ptotvmi5753.edge.naverncp.com/KBO_IMAGE/person/middle/2025/55167.jpg,김영우,LG
https://6ptotvmi5753.edge.naverncp.com/KBO_IMAGE/person/middle/2025/55208.jpg,케이브,두산
https://6ptotvmi5753.edge.naverncp.com/KBO_IMAGE/person/middle/2025/55252.jpg,박준순,두산
https://6ptotvmi5753.edge.naverncp.com/KBO_IMAGE/person/middle/2025/55267.jpg,홍민규,두산
https://6ptotvmi5753.edge.naverncp.com/KBO_IMAGE/person/middle/2025/55370.jpg,양현종,키움
https://6ptotvmi5753.edge.naverncp.com/KBO_IMAGE/person/middle/2025/55371.jpg,권혁빈,키움
https://6ptotvmi5753.edge.naverncp.com/KBO_IMAGE/person/middle/2025/55392.jpg,어준서,키움
https://6ptotvmi5753.edge.naverncp.com/KBO_IMAGE/person/middle/2025/55393.jpg,여동욱,키움
https://6ptotvmi5753.edge.naverncp.com/KBO_IMAGE/person/middle/2025/55397.jpg,전태현,키움
https://6ptotvmi5753.edge.naverncp.com/KBO_IMAGE/person/middle/2025/55438.jpg,심재훈,삼성
https://6ptotvmi5753.edge.naverncp.com/KBO_IMAGE/person/middle/2025/55440.jpg,함수호,삼성
https://6ptotvmi5753.edge.naverncp.com/KBO_IMAGE/person/middle/2025/55455.jpg,배찬승,삼성
https://6ptotvmi5753.edge.naverncp.com/KBO_IMAGE/person/middle/2025/55563.jpg,박재엽,롯데
https://6ptotvmi5753.edge.naverncp.com/KBO_IMAGE/person/middle/2025/55636.jpg,박재현,KIA
https://6ptotvmi5753.edge.naverncp.com/KBO_IMAGE/person/middle/2025/55645.jpg,위즈덤,KIA
https://6ptotvmi5753.edge.naverncp.com/KBO_IMAGE/person/middle/2025/55734.jpg,플로리얼,한화
https://6ptotvmi5753.edge.naverncp.com/KBO_IMAGE/person/middle/2025/55743.jpg,정우주,한화
https://6ptotvmi5753.edge.naverncp.com/KBO_IMAGE/person/middle/2025/55832.jpg,이율예,SSG
https://6ptotvmi5753.edge.naverncp.com/KBO_IMAGE/person/middle/2025/55844.jpg,맥브룸,SSG
https://6ptotvmi5753.edge.naverncp.com/KBO_IMAGE/person/middle/2025/55897.jpg,홍대인,SSG
https://6ptotvmi5753.edge.naverncp.com/KBO_IMAGE/person/middle/2025/60337.jpg,김대유,KIA
https://6ptotvmi5753.edge.naverncp.com/KBO_IMAGE/person/middle/2025/60523.jpg,정훈,롯데
https://6ptotvmi5753.edge.naverncp.com/KBO_IMAGE/person/middle/2025/60558.jpg,오태곤,SSG
https://6ptotvmi5753.edge.naverncp.com/KBO_IMAGE/person/middle/2025/61102.jpg,유강남,롯데
https://6ptotvmi5753.edge.naverncp.com/KBO_IMAGE/person/middle/2025/61404.jpg,김헌곤,삼성
https://6ptotvmi5753.edge.naverncp.com/KBO_IMAGE/person/middle/2025/62234.jpg,류지혁,삼성
https://6ptotvmi5753.edge.naverncp.com/KBO_IMAGE/person/middle/2025/62244.jpg,박세혁,NC
https://6ptotvmi5753.edge.naverncp.com/KBO_IMAGE/person/middle/2025/62332.jpg,김재현,키움
https://6ptotvmi5753.edge.naverncp.com/KBO_IMAGE/person/middle/2025/62404.jpg,구자욱,삼성
https://6ptotvmi5753.edge.naverncp.com/KBO_IMAGE/person/middle/2025/62415.jpg,박해민,LG
https://6ptotvmi5753.edge.naverncp.com/KBO_IMAGE/person/middle/2025/62528.jpg,김원중,롯데
https://6ptotvmi5753.edge.naverncp.com/KBO_IMAGE/person/middle/2025/62700.jpg,하주석,한화
https://6ptotvmi5753.edge.naverncp.com/KBO_IMAGE/person/middle/2025/62802.jpg,박승욱,롯데
https://6ptotvmi5753.edge.naverncp.com/KBO_IMAGE/person/middle/2025/62884.jpg,최항,롯데
https://6ptotvmi5753.edge.naverncp.com/KBO_IMAGE/person/middle/2025/62895.jpg,한유섬,SSG
https://6ptotvmi5753.edge.naverncp.com/KBO_IMAGE/person/middle/2025/62907.jpg,박민우,NC
https://6ptotvmi5753.edge.naverncp.com/KBO_IMAGE/person/middle/2025/62925.jpg,강진성,키움
https://6ptotvmi5753.edge.naverncp.com/KBO_IMAGE/person/middle/2025/62934.jpg,김성욱,NC
https://6ptotvmi5753.edge.naverncp.com/KBO_IMAGE/person/middle/2025/62947.jpg,나성범,KIA
https://6ptotvmi5753.edge.naverncp.com/KBO_IMAGE/person/middle/2025/63123.jpg,강승호,두산
https://6ptotvmi5753.edge.naverncp.com/KBO_IMAGE/person/middle/2025/63202.jpg,장승현,두산
https://6ptotvmi5753.edge.naverncp.com/KBO_IMAGE/person/middle/2025/63257.jpg,김인태,두산
https://6ptotvmi5753.edge.naverncp.com/KBO_IMAGE/person/middle/2025/63260.jpg,이우성,KIA
https://6ptotvmi5753.edge.naverncp.com/KBO_IMAGE/person/middle/2025/63543.jpg,구승민,롯데
https://6ptotvmi5753.edge.naverncp.com/KBO_IMAGE/person/middle/2025/63722.jpg,한승택,KIA
https://6ptotvmi5753.edge.naverncp.com/KBO_IMAGE/person/middle/2025/63950.jpg,장현식,LG
https://6ptotvmi5753.edge.naverncp.com/KBO_IMAGE/person/middle/2025/63963.jpg,권희동,NC
https://6ptotvmi5753.edge.naverncp.com/KBO_IMAGE/person/middle/2025/64004.jpg,김민혁,KT
https://6ptotvmi5753.edge.naverncp.com/KBO_IMAGE/person/middle/2025/64006.jpg,심우준,한화
https://6ptotvmi5753.edge.naverncp.com/KBO_IMAGE/person/middle/2025/64007.jpg,문상철,KT
https://6ptotvmi5753.edge.naverncp.com/KBO_IMAGE/person/middle/2025/64012.jpg,송민섭,KT
https://6ptotvmi5753.edge.naverncp.com/KBO_IMAGE/person/middle/2025/64022.jpg,안중열,NC
https://6ptotvmi5753.edge.naverncp.com/KBO_IMAGE/person/middle/2025/64101.jpg,한석현,NC
https://6ptotvmi5753.edge.naverncp.com/KBO_IMAGE/person/middle/2025/64115.jpg,장준원,KT
https://6ptotvmi5753.edge.naverncp.com/KBO_IMAGE/person/middle/2025/64153.jpg,양석환,두산
https://6ptotvmi5753.edge.naverncp.com/KBO_IMAGE/person/middle/2025/64166.jpg,배정대,KT
https://6ptotvmi5753.edge.naverncp.com/KBO_IMAGE/person/middle/2025/64340.jpg,임지열,키움
https://6ptotvmi5753.edge.naverncp.com/KBO_IMAGE/person/middle/2025/64346.jpg,임병욱,키움
https://6ptotvmi5753.edge.naverncp.com/KBO_IMAGE/person/middle/2025/64468.jpg,박계범,두산
https://6ptotvmi5753.edge.naverncp.com/KBO_IMAGE/person/middle/2025/64504.jpg,오윤석,KT
https://6ptotvmi5753.edge.naverncp.com/KBO_IMAGE/person/middle/2025/64646.jpg,박찬호,KIA
https://6ptotvmi5753.edge.naverncp.com/KBO_IMAGE/person/middle/2025/64984.jpg,김태진,키움
https://6ptotvmi5753.edge.naverncp.com/KBO_IMAGE/person/middle/2025/65040.jpg,김태훈,삼성
https://6ptotvmi5753.edge.naverncp.com/KBO_IMAGE/person/middle/2025/65132.jpg,김재성,삼성
https://6ptotvmi5753.edge.naverncp.com/KBO_IMAGE/person/middle/2025/65207.jpg,신민재,LG
https://6ptotvmi5753.edge.naverncp.com/KBO_IMAGE/person/middle/2025/65269.jpg,김민혁,두산
https://6ptotvmi5753.edge.naverncp.com/KBO_IMAGE/person/middle/2025/65357.jpg,송성문,키움
https://6ptotvmi5753.edge.naverncp.com/KBO_IMAGE/person/middle/2025/65464.jpg,최정용,KIA
https://6ptotvmi5753.edge.naverncp.com/KBO_IMAGE/person/middle/2025/65586.jpg,전병우,삼성
https://6ptotvmi5753.edge.naverncp.com/KBO_IMAGE/person/middle/2025/65653.jpg,김호령,KIA
https://6ptotvmi5753.edge.naverncp.com/KBO_IMAGE/person/middle/2025/65703.jpg,이도윤,한화
https://6ptotvmi5753.edge.naverncp.com/KBO_IMAGE/person/middle/2025/65898.jpg,김웅빈,키움
https://6ptotvmi5753.edge.naverncp.com/KBO_IMAGE/person/middle/2025/65905.jpg,최승민,LG
https://6ptotvmi5753.edge.naverncp.com/KBO_IMAGE/person/middle/2025/65949.jpg,류진욱,NC
https://6ptotvmi5753.edge.naverncp.com/KBO_IMAGE/person/middle/2025/66108.jpg,홍창기,LG
https://6ptotvmi5753.edge.naverncp.com/KBO_IMAGE/person/middle/2025/66112.jpg,김기연,두산
https://6ptotvmi5753.edge.naverncp.com/KBO_IMAGE/person/middle/2025/66209.jpg,조수행,두산
https://6ptotvmi5753.edge.naverncp.com/KBO_IMAGE/person/middle/2025/66406.jpg,안주형,삼성
https://6ptotvmi5753.edge.naverncp.com/KBO_IMAGE/person/middle/2025/66409.jpg,이성규,삼성
https://6ptotvmi5753.edge.naverncp.com/KBO_IMAGE/person/middle/2025/66606.jpg,최원준,KIA
https://6ptotvmi5753.edge.naverncp.com/KBO_IMAGE/person/middle/2025/66614.jpg,김규성,KIA
https://6ptotvmi5753.edge.naverncp.com/KBO_IMAGE/person/middle/2025/66657.jpg,이진영,한화
https://6ptotvmi5753.edge.naverncp.com/KBO_IMAGE/person/middle/2025/66662.jpg,신범수,SSG
https://6ptotvmi5753.edge.naverncp.com/KBO_IMAGE/person/middle/2025/66704.jpg,김태연,한화
https://6ptotvmi5753.edge.naverncp.com/KBO_IMAGE/person/middle/2025/66706.jpg,장진혁,KT
https://6ptotvmi5753.edge.naverncp.com/KBO_IMAGE/person/middle/2025/66864.jpg,안상현,SSG
https://6ptotvmi5753.edge.naverncp.com/KBO_IMAGE/person/middle/2025/66917.jpg,김찬형,SSG
https://6ptotvmi5753.edge.naverncp.com/KBO_IMAGE/person/middle/2025/66928.jpg,박준영,두산
https://6ptotvmi5753.edge.naverncp.com/KBO_IMAGE/person/middle/2025/66965.jpg,도태훈,NC
https://6ptotvmi5753.edge.naverncp.com/KBO_IMAGE/person/middle/2025/67005.jpg,홍현빈,삼성
https://6ptotvmi5753.edge.naverncp.com/KBO_IMAGE/person/middle/2025/67006.jpg,안치영,KT
https://6ptotvmi5753.edge.naverncp.com/KBO_IMAGE/person/middle/2025/67025.jpg,로하스,KT
https://6ptotvmi5753.edge.naverncp.com/KBO_IMAGE/person/middle/2025/67207.jpg,이유찬,두산
https://6ptotvmi5753.edge.naverncp.com/KBO_IMAGE/person/middle/2025/67449.jpg,김성윤,삼성
https://6ptotvmi5753.edge.naverncp.com/KBO_IMAGE/person/middle/2025/67504.jpg,김민수,LG
https://6ptotvmi5753.edge.naverncp.com/KBO_IMAGE/person/middle/2025/67609.jpg,박정우,KIA
https://6ptotvmi5753.edge.naverncp.com/KBO_IMAGE/person/middle/2025/67610.jpg,김석환,KIA
https://6ptotvmi5753.edge.naverncp.com/KBO_IMAGE/person/middle/2025/67893.jpg,박성한,SSG
https://6ptotvmi5753.edge.naverncp.com/KBO_IMAGE/person/middle/2025/67900.jpg,김수윤,SSG
https://6ptotvmi5753.edge.naverncp.com/KBO_IMAGE/person/middle/2025/67905.jpg,천재환,NC
https://6ptotvmi5753.edge.naverncp.com/KBO_IMAGE/person/middle/2025/68050.jpg,강백호,KT
https://6ptotvmi5753.edge.naverncp.com/KBO_IMAGE/person/middle/2025/68089.jpg,조대현,KT
https://6ptotvmi5753.edge.naverncp.com/KBO_IMAGE/person/middle/2025/68092.jpg,한두솔,SSG
https://6ptotvmi5753.edge.naverncp.com/KBO_IMAGE/person/middle/2025/68110.jpg,송찬의,LG
https://6ptotvmi5753.edge.naverncp.com/KBO_IMAGE/person/middle/2025/68119.jpg,문성주,LG
https://6ptotvmi5753.edge.naverncp.com/KBO_IMAGE/person/middle/2025/68205.jpg,전민재,롯데
https://6ptotvmi5753.edge.naverncp.com/KBO_IMAGE/person/middle/2025/68242.jpg,정철원,롯데
https://6ptotvmi5753.edge.naverncp.com/KBO_IMAGE/person/middle/2025/68249.jpg,박신지,두산
https://6ptotvmi5753.edge.naverncp.com/KBO_IMAGE/person/middle/2025/68305.jpg,변상권,키움
https://6ptotvmi5753.edge.naverncp.com/KBO_IMAGE/person/middle/2025/68362.jpg,추재현,두산
https://6ptotvmi5753.edge.naverncp.com/KBO_IMAGE/person/middle/2025/68463.jpg,윤정빈,삼성
https://6ptotvmi5753.edge.naverncp.com/KBO_IMAGE/person/middle/2025/68507.jpg,장두성,롯데
https://6ptotvmi5753.edge.naverncp.com/KBO_IMAGE/person/middle/2025/68518.jpg,정보근,롯데
https://6ptotvmi5753.edge.naverncp.com/KBO_IMAGE/person/middle/2025/68646.jpg,한준수,KIA
https://6ptotvmi5753.edge.naverncp.com/KBO_IMAGE/person/middle/2025/68700.jpg,이원석,한화
https://6ptotvmi5753.edge.naverncp.com/KBO_IMAGE/person/middle/2025/68805.jpg,최상민,SSG
https://6ptotvmi5753.edge.naverncp.com/KBO_IMAGE/person/middle/2025/68856.jpg,최민준,SSG
https://6ptotvmi5753.edge.naverncp.com/KBO_IMAGE/person/middle/2025/68868.jpg,최준우,SSG
https://6ptotvmi5753.edge.naverncp.com/KBO_IMAGE/person/middle/2025/68904.jpg,오영수,NC
https://6ptotvmi5753.edge.naverncp.com/KBO_IMAGE/person/middle/2025/68912.jpg,김형준,NC
https://6ptotvmi5753.edge.naverncp.com/KBO_IMAGE/person/middle/2025/68928.jpg,김시훈,NC
https://6ptotvmi5753.edge.naverncp.com/KBO_IMAGE/person/middle/2025/69056.jpg,박민석,KT
https://6ptotvmi5753.edge.naverncp.com/KBO_IMAGE/person/middle/2025/69064.jpg,강민성,KT
https://6ptotvmi5753.edge.naverncp.com/KBO_IMAGE/person/middle/2025/69100.jpg,구본혁,LG
https://6ptotvmi5753.edge.naverncp.com/KBO_IMAGE/person/middle/2025/69102.jpg,문보경,LG
https://6ptotvmi5753.edge.naverncp.com/KBO_IMAGE/person/middle/2025/69108.jpg,이지강,LG
https://6ptotvmi5753.edge.naverncp.com/KBO_IMAGE/person/middle/2025/69203.jpg,송승환,NC
https://6ptotvmi5753.edge.naverncp.com/KBO_IMAGE/person/middle/2025/69207.jpg,김태근,삼성
https://6ptotvmi5753.edge.naverncp.com/KBO_IMAGE/person/middle/2025/69328.jpg,박주성,키움
https://6ptotvmi5753.edge.naverncp.com/KBO_IMAGE/person/middle/2025/69428.jpg,이병헌,삼성
https://6ptotvmi5753.edge.naverncp.com/KBO_IMAGE/person/middle/2025/69517.jpg,고승민,롯데
https://6ptotvmi5753.edge.naverncp.com/KBO_IMAGE/person/middle/2025/69594.jpg,박진,롯데
https://6ptotvmi5753.edge.naverncp.com/KBO_IMAGE/person/middle/2025/69636.jpg,오선우,KIA
https://6ptotvmi5753.edge.naverncp.com/KBO_IMAGE/person/middle/2025/69727.jpg,변우혁,KIA
https://6ptotvmi5753.edge.naverncp.com/KBO_IMAGE/person/middle/2025/69737.jpg,노시환,한화
https://6ptotvmi5753.edge.naverncp.com/KBO_IMAGE/person/middle/2025/69804.jpg,채현우,SSG
https://6ptotvmi5753.edge.naverncp.com/KBO_IMAGE/person/middle/2025/69813.jpg,하재훈,SSG
https://6ptotvmi5753.edge.naverncp.com/KBO_IMAGE/person/middle/2025/69825.jpg,김창평,SSG
https://6ptotvmi5753.edge.naverncp.com/KBO_IMAGE/person/middle/2025/69992.jpg,최정원,NC
https://6ptotvmi5753.edge.naverncp.com/KBO_IMAGE/person/middle/2025/69995.jpg,서호철,NC
https://6ptotvmi5753.edge.naverncp.com/KBO_IMAGE/person/middle/2025/72443.jpg,최형우,KIA
https://6ptotvmi5753.edge.naverncp.com/KBO_IMAGE/person/middle/2025/74163.jpg,이용규,키움
https://6ptotvmi5753.edge.naverncp.com/KBO_IMAGE/person/middle/2025/74540.jpg,강민호,삼성
https://6ptotvmi5753.edge.naverncp.com/KBO_IMAGE/person/middle/2025/75125.jpg,박병호,삼성
https://6ptotvmi5753.edge.naverncp.com/KBO_IMAGE/person/middle/2025/75847.jpg,최정,SSG
https://6ptotvmi5753.edge.naverncp.com/KBO_IMAGE/person/middle/2025/75867.jpg,김진성,LG
https://6ptotvmi5753.edge.naverncp.com/KBO_IMAGE/person/middle/2025/76232.jpg,양의지,두산
https://6ptotvmi5753.edge.naverncp.com/KBO_IMAGE/person/middle/2025/76267.jpg,최주환,키움
https://6ptotvmi5753.edge.naverncp.com/KBO_IMAGE/person/middle/2025/76290.jpg,김현수,LG
https://6ptotvmi5753.edge.naverncp.com/KBO_IMAGE/person/middle/2025/76313.jpg,황재균,KT
https://6ptotvmi5753.edge.naverncp.com/KBO_IMAGE/person/middle/2025/76802.jpg,김성현,SSG
https://6ptotvmi5753.edge.naverncp.com/KBO_IMAGE/person/middle/2025/76812.jpg,이재원,한화
https://6ptotvmi5753.edge.naverncp.com/KBO_IMAGE/person/middle/2025/77532.jpg,손아섭,NC
https://6ptotvmi5753.edge.naverncp.com/KBO_IMAGE/person/middle/2025/77564.jpg,김민성,롯데
https://6ptotvmi5753.edge.naverncp.com/KBO_IMAGE/person/middle/2025/78122.jpg,김태군,KIA
https://6ptotvmi5753.edge.naverncp.com/KBO_IMAGE/person/middle/2025/78135.jpg,이형종,키움
https://6ptotvmi5753.edge.naverncp.com/KBO_IMAGE/person/middle/2025/78168.jpg,서건창,KIA
https://6ptotvmi5753.edge.naverncp.com/KBO_IMAGE/person/middle/2025/78224.jpg,김재환,두산
https://6ptotvmi5753.edge.naverncp.com/KBO_IMAGE/person/middle/2025/78288.jpg,최재훈,한화
https://6ptotvmi5753.edge.naverncp.com/KBO_IMAGE/person/middle/2025/78513.jpg,전준우,롯데
https://6ptotvmi5753.edge.naverncp.com/KBO_IMAGE/person/middle/2025/78548.jpg,장성우,KT
https://6ptotvmi5753.edge.naverncp.com/KBO_IMAGE/person/middle/2025/78603.jpg,김선빈,KIA
https://6ptotvmi5753.edge.naverncp.com/KBO_IMAGE/person/middle/2025/78756.jpg,오선진,키움
https://6ptotvmi5753.edge.naverncp.com/KBO_IMAGE/person/middle/2025/79109.jpg,오지환,LG
https://6ptotvmi5753.edge.naverncp.com/KBO_IMAGE/person/middle/2025/79140.jpg,최동환,KT
https://6ptotvmi5753.edge.naverncp.com/KBO_IMAGE/person/middle/2025/79192.jpg,채은성,한화
https://6ptotvmi5753.edge.naverncp.com/KBO_IMAGE/person/middle/2025/79215.jpg,박건우,NC
https://6ptotvmi5753.edge.naverncp.com/KBO_IMAGE/person/middle/2025/79231.jpg,정수빈,두산
https://6ptotvmi5753.edge.naverncp.com/KBO_IMAGE/person/middle/2025/79240.jpg,허경민,KT
https://6ptotvmi5753.edge.naverncp.com/KBO_IMAGE/person/middle/2025/79365.jpg,박동원,LG
https://6ptotvmi5753.edge.naverncp.com/KBO_IMAGE/person/middle/2025/79402.jpg,김상수,KT
https://6ptotvmi5753.edge.naverncp.com/KBO_IMAGE/person/middle/2025/79456.jpg,이지영,SSG
https://6ptotvmi5753.edge.naverncp.com/KBO_IMAGE/person/middle/2025/79608.jpg,안치홍,한화
